x1,x2,x3,x4,x5,x6
1.2079805693165837,0.08449940419928109,1.4592170558464177,0.007140149310033483,0.1020736383915597,1.0
0.7612178740372468,0.7251086913303879,0.5794526517537858,0.5257826142428678,0.5519656964604481,1.0
0.55256189015183,0.5193729177564668,0.30532464244816304,0.2697482276988656,0.2869856811291842,1.0
-0.582707576010602,0.2670481484701432,0.3395481191401515,0.07131471360133164,-0.15561097927315648,1.0
2.1022882150140703,1.6338709134510894,4.419615738987046,2.669534161821497,3.4348675662024992,1.0
0.3201007137326769,0.025043273649103692,0.10246446693216917,0.0006271655550638914,0.008016369769280832,1.0
0.6201480299480432,1.8159531696401565,0.3845835790484391,3.2976859143261312,1.1261597806302477,1.0
-0.8340670020726355,0.8164754620237838,0.6956677639464338,0.6666321800869514,-0.6809952408760473,1.0
1.1634027869376873,0.6543879770456792,1.3535060446543778,0.42822362450193635,0.7613167962334585,1.0
-0.47376216459784,1.049743845897913,0.22445058860443082,1.1019621420005412,-0.4973289167058566,1.0
0.6033400570549559,0.13730586142555498,0.3640192244470774,0.018852899581813708,0.0828421262664742,1.0
-1.9920274515333383,-0.6744617980154236,3.9681733676624065,0.4548987169821981,1.3435464166572575,1.0
-0.13720398631821565,0.1729108285882456,0.018824933861609106,0.029898154643073653,-0.023724054959892982,1.0
0.8660117040397554,1.3755258729611708,0.7499762715338408,1.892071427185591,1.1912215051938755,1.0
0.28635800497466435,-0.36087452642275797,0.08200090701306989,0.13023042382084984,-0.10333930943259777,1.0
-1.8853768741169306,-0.3179157018136675,3.554645957454928,0.10107039345967676,0.5993909121181427,1.0
-2.1673067021695736,-1.2964356383567304,4.697218341269153,1.680745364401423,2.809773647942031,1.0
1.9128087224433492,-0.4973825336643173,3.6588372086553576,0.24738938479433573,-0.9513976487840788,1.0
1.0021794672837743,0.39072288476477657,1.0043636846451895,0.15266437267890887,0.3915744525091433,1.0
-1.2960559819160422,-2.37806726741248,1.6797611082603563,5.655203928338659,3.082108307328681,1.0
-1.0424482643356061,-0.28778961107262857,1.0866983838163178,0.08282286024133481,0.3000057805564808,1.0
0.43578967859546497,-0.4662023609408428,0.18991264397033866,0.21734464134681583,-0.20316617703485682,1.0
0.5368387731571824,-0.8124304609443636,0.2881958683649088,0.6600432538702711,-0.4361441719288963,1.0
-0.1399006636280852,0.20754753644780363,0.019572195683578642,0.043075979885552375,-0.02903603808342193,1.0
0.05576138698121496,0.40904203781001536,0.003109332278068809,0.16731538869577003,0.02280875136190903,1.0
1.3692883309742985,-0.819747268673816,1.87495053334238,0.6719855844981815,-1.1224703693431093,1.0
-1.3704690007661706,-1.7457681255566584,1.878185282061026,3.0477063482096085,2.392521098601064,1.0
-1.8440625298444664,-1.2160426584645527,3.4005666139763737,1.478759747205537,2.2424587011669335,1.0
-1.2938929752879773,0.5505326283217028,1.6741590314995742,0.30308617484680217,-0.7123303004522782,1.0
-0.1428667505116552,0.05418003490969871,0.020410908401759534,0.0029354761828161704,-0.007740525530156694,1.0
-0.7116964675062205,0.7104272357291975,0.5065118618608327,0.5047068572658288,-0.5056085540886789,1.0
0.5117184827133866,0.24723418802719954,0.26185580555049054,0.061124743729468654,0.12651430357215468,1.0
0.4727153679322455,-0.7376424158256856,0.22345981907931825,0.5441163336251537,-0.3486949059994694,1.0
0.09177983385687867,-0.9490892625744869,0.008423537902796253,0.9007704283341833,-0.0871072548344339,1.0
0.670158174864053,0.6816068205412822,0.4491119793371187,0.4645878578083957,0.4567843828288358,1.0
0.545955336057549,-0.8789655221891872,0.2980672289697112,0.7725803891973105,-0.4798759170497967,1.0
-2.1792870323007563,0.10419497069534414,4.749291969154237,0.010856591918203625,-0.2270707484673208,1.0
0.22188374206006084,0.8175990294827222,0.04923239499057561,0.6684681730110893,0.18141193216630042,1.0
-1.8247398802231063,-1.3703847360964527,3.329675630476636,1.8779543249261443,2.5005956792042143,1.0
0.4247660368239959,-1.092603029673324,0.18042618603916422,1.1937813804513266,-0.46410065873622863,1.0
1.1197698411936492,-0.1520055374223459,1.2538844972468504,0.0231056834070562,-0.17021121649997556,1.0
1.7731990357531193,1.47443369176046,3.144234820395792,2.173954711398379,2.6144644005115594,1.0
-0.41129340169533174,0.006369302077064299,0.1691622622781175,4.056800894889559e-05,-0.0026196519177009176,1.0
-1.5107779510517234,-2.3378989300624773,2.2824500173840434,5.465771407187276,3.532046155325806,1.0
-1.8521069451415564,-0.6864389232372223,3.430300136241588,0.47119839533507724,1.2713582971431512,1.0
-1.4960234090447093,-1.318198067628422,2.238086040409754,1.7376461454993057,1.97205516692962,1.0
-0.21091040633146263,0.7100056458572319,0.04448319949890267,0.504108017149145,-0.14974757926538135,1.0
1.6343865547300938,1.0383426189158087,2.6712194102825055,1.0781553942569404,1.6970532155592313,1.0
1.9572774922261023,0.21932814334644685,3.8309351815748998,0.04810483446379954,0.4292860383837406,1.0
-1.0320186289963806,-0.0374944792333406,1.065062450595569,0.0014058359729794095,0.038695001053325434,1.0
-0.7566358383438443,-0.5148765812223642,0.572497791866292,0.26509789389122984,0.38957407367679603,1.0
-1.8450102165105706,0.9664045464040051,3.404062699028383,0.9339377473103309,-1.7830262613976533,1.0
2.118424564229261,0.7991823039360252,4.487722634329935,0.6386923549244934,1.6930074239554112,1.0
0.5871744526099095,-0.382630779124018,0.3447738377977469,0.14640631313305305,-0.22467101828384847,1.0
-0.5425810465209662,0.08096274287327568,0.29439419204378686,0.0065549657335641515,-0.04392884975738981,1.0
-1.6718186230109182,0.09119868139548104,2.794977508246123,0.00831719948827446,-0.15246765395100456,1.0
-0.006037408971714227,0.020861264401491515,3.6450307091735435e-05,0.0004351923524289371,-0.00012594798485886748,1.0
1.028064539659609,-0.19175270164394376,1.056916697705524,0.03676909858775131,-0.19713415294406741,1.0
-0.12555068951273066,0.3468457086490041,0.015762975637122097,0.12030194560822983,-0.04354671787541415,1.0
1.236733509042776,-0.5754574525128102,1.5295097723892581,0.3311512796525332,-0.7116875145509844,1.0
-0.4371321634125025,-0.15661535586517267,0.19108452828969477,0.024528369692774676,0.06846160933296189,1.0
0.416515214984978,0.2621944012268116,0.17348492431398246,0.06874590403468626,0.10920795739484301,1.0
-0.638361947066791,-0.5700540537575117,0.4075059754629044,0.32496162420537206,0.3639008156899623,1.0
-1.851191944738812,-0.402811076182267,3.426911616265865,0.16225676309511614,0.7456806194801847,1.0
-0.047898534680766824,-0.5968883001182834,0.002294269624564622,0.356275642818094,0.028590074943759557,1.0
0.7963683335653461,-0.4959987825562908,0.6342025227056464,0.24601479229732265,-0.39499772391479376,1.0
0.9820655746002294,0.1120416121429908,0.9644527928148786,0.012553322851600383,0.1100322102083423,1.0
-1.5088500392935902,0.12711087180286065,2.2766284410762685,0.016157173730483275,-0.19179124391438881,1.0
0.18014094808214046,0.01381589685983318,0.03245076117593242,0.0001908790060415483,0.002488808758935416,1.0
-1.6388812192765663,-0.8613602710364295,2.6859316508974445,0.7419415165199513,1.4116671712325772,1.0
2.121156058712758,0.8688761799712951,4.49930302541384,0.7549458161215103,1.843021973417309,1.0
-1.2604115953732729,0.5190606695300586,1.5886373897513988,0.26942397865299267,-0.6542300865779003,1.0
0.8683438668877657,0.5450224987432329,0.7540210711615977,0.29704952413631736,0.4732669440995313,1.0
-1.287136035429017,-1.8599159557370357,1.6567191736999274,3.459287362405211,2.393964849498539,1.0
0.8326967755467111,-0.8224770742540152,0.6933839200058897,0.6764685376734448,-0.6848740076924112,1.0
1.389959202561738,1.2722307046490446,1.9319865847860627,1.6185709658518046,1.768348775708544,1.0
0.23518876913871042,-1.341015589074787,0.05531375712898163,1.798322810141598,-0.31539180579032183,1.0
1.9546356201528918,0.7974794525499643,3.82060040757048,0.6359734772393908,1.5587817442941883,1.0
-0.2899869936653213,-1.5153718138506558,0.08409245649505111,2.2963517342130264,0.4394381165837166,1.0
0.10141341100643937,-0.6415180730858835,0.010284679931960998,0.41154543809582494,-0.06505853601391771,1.0
0.5869766983374952,2.212524964257745,0.34454164439118684,4.895266717463736,1.2987005985092956,1.0
0.2508271901561645,-1.1320702999996803,0.0629142793216367,1.2815831641413662,-0.28395401240816603,1.0
0.9388704202582179,0.04621840682993045,0.8814776660358427,0.0021361411298969615,0.043393095044082085,1.0
-1.368371035348463,-1.1323795465675583,1.8724392903806246,1.282283437484549,1.549515372544073,1.0
1.177478603244903,0.09509401332744163,1.3864558610995676,0.009042871370719647,0.11197116598974816,1.0
1.2164052027624608,-0.559811312248809,1.4796416173075833,0.3133887053217335,-0.6809573927847318,1.0
0.5405355105175058,-1.4806247697115327,0.29217863813042066,2.1922497086833292,-0.8003302657808878,1.0
-0.2626833853626609,0.0798379237376328,0.06900256094558821,0.00637409406673607,-0.020972096087727328,1.0
0.7172452642815492,-1.4486363248502088,0.5144407691343094,2.09854720167552,-1.0390275436650402,1.0
-0.8558129643901944,0.3124284903224755,0.7324158300183321,0.09761156156518117,-0.26738035246283093,1.0
0.5011364044923011,0.8695432509388575,0.25113769590747126,0.756105465253317,0.4357597783260458,1.0
1.4843184968290215,2.101111017885775,2.203201400028766,4.4146675094809975,3.1187179477391087,1.0
1.3485852454547045,1.0648199701497936,1.8186821642581255,1.1338415688298074,1.4360005008095305,1.0
-0.33632883024708393,-1.2100313120445971,0.1131170820553718,1.4641757761283691,0.4069684157423036,1.0
0.4529235403382711,-0.6926820363853146,0.20513973339255348,0.47980840353090626,-0.3137320002483598,1.0
-0.36089598273222173,1.697109995724831,0.13024591035225608,2.8801823375891358,-0.6124801797117895,1.0
-0.029443886346499477,0.06371623673458256,0.0008669424431855783,0.004059758823617368,-0.0018760536328397037,1.0
0.8001524263554676,1.0139929437346074,0.640243905402542,1.0281816899435745,0.8113489142365692,1.0
0.019656545415851805,-0.09227025588122947,0.00038637977768544464,0.008513800120387563,-0.0018137144752616544,1.0
0.048690035881851466,0.30304652331559706,0.0023707195941759835,0.09183719529367071,0.014755346094106758,1.0
-0.14980226640318958,0.15120171046781372,0.022440719019532183,0.02286195724839257,-0.02265035891211737,1.0
-0.06657984085624043,1.531734006862846,0.004432875208442302,2.346209067780109,-0.10198260641101976,1.0
1.180619584297134,-0.5536619969174874,1.3938626028259378,0.30654160683065984,-0.6536641966418452,1.0
0.0563779457002241,0.42908547479998904,0.003178472761377417,0.18411434468433202,0.02419095759902866,1.0
1.544719106495806,-0.22059548595596642,2.386157117973201,0.04866236842414898,-0.34075806196290853,1.0
1.4445149121639864,-0.21693952651658416,2.0866233314641294,0.04706275816523972,-0.31337238109100035,1.0
0.411626317868542,0.8842572909440841,0.16943622556201396,0.7819109565877707,0.36398357271972537,1.0
-0.8455400400165157,-1.6238595635122304,0.714937959271131,2.6369198820101314,1.373038280313333,1.0
0.03890476185167235,-0.9332525317150842,0.00151358049473534,0.8709602879526142,-0.03630796749384564,1.0
-0.3935352113027168,2.118168864951696,0.15486996253507396,4.486639340450756,-0.8335740318436015,1.0
-2.0523837219789,-1.551781474763793,4.212278942243963,2.4080257454200926,3.18485103887362,1.0
-0.048522268414958256,0.868043976579306,0.0023544105321332554,0.7535003452756147,-0.04211946282756882,1.0
0.7812018142311945,-0.9769989731772553,0.6102762745581097,0.9545269935894112,-0.7632333703480859,1.0
-1.4744276530203957,-0.31916678065271886,2.1739369039912324,0.10186743387222076,0.4705883273198637,1.0
-1.176464923036001,-0.04332330795730032,1.3840697151341035,0.0018769090123630812,0.050968352161650285,1.0
-1.3243291255343945,1.1639266959117056,1.753847632738694,1.35472535345594,-1.5414220233828861,1.0
0.6009596672231526,-1.8937806693199035,0.3611525216289624,3.586405223489742,-1.1380858008281285,1.0
-0.8515777294020115,0.2897906356446909,0.7251846292134855,0.08397861250735399,-0.24677925150427146,1.0
0.44779805949914364,-0.8008826717394345,0.20052310209119859,0.6414130538924948,-0.3586337062914084,1.0
-2.0378397019298315,1.0437110174132376,4.152790650761465,1.0893326878697756,-2.1269157486262733,1.0
-0.7802547881055706,1.1088872836379544,0.6087975343616688,1.2296310078139612,-0.8652146125278939,1.0
-0.2742283495783725,-0.7313387926247954,0.07520118771247808,0.5348564295978935,0.20055383008413727,1.0
0.4441618882504136,-1.073320572044099,0.1972797829741729,1.152017050373072,-0.47672809197712107,1.0
1.1342796602676037,0.022170760486698263,1.2865903476967906,0.0004915426205585409,0.025147842672726517,1.0
0.9445499088984957,0.01877480041115732,0.8921745304001565,0.00035249313047879314,0.017733736017946086,1.0
2.2422934173845745,0.8158451634811681,5.027879769646193,0.6656033307756138,1.8293642396788652,1.0
0.6868606898223982,1.486611171431566,0.47177760722330075,2.210012775025133,1.0210947747071688,1.0
-0.5567356059681083,-0.8089845842774626,0.3099545349526768,0.6544560575985789,0.4503905227465713,1.0
1.5410788272296292,0.6451110161257244,2.3749239517354495,0.41616822312676466,0.9941669281639458,1.0
-0.08107824580608579,0.1368669349077905,0.006573681942992068,0.018732557871053362,-0.011096930991179381,1.0
-1.2828719364011445,1.3823943255737736,1.645760405205622,1.9110140713785684,-1.7734348853187811,1.0
0.420844463107247,0.6779454057458087,0.17711006212802696,0.45960997317184926,0.2853095702971196,1.0
0.7271276134430879,-0.4417836512077916,0.5287145662314406,0.19517279447448768,-0.32123309196089506,1.0
0.35541508474933575,-0.20895938169507688,0.12631988246737752,0.04366402319838883,-0.07426731635432456,1.0
-1.6343294477814425,0.7975493379054067,2.6710327438855948,0.6360849463933527,-1.3034583689973984,1.0
0.27439153243450864,0.4908394975482585,0.07529071307175801,0.24092341235342687,0.1346822019116509,1.0
0.40096048056007694,0.8990436541444637,0.16076930697096783,0.8082794920574301,0.3604809756102518,1.0
0.1924611424497417,-0.7450476864132791,0.037041291353059766,0.5550960550297799,-0.1433927289066366,1.0
-0.26285162608131396,0.19128808786046556,0.06909097733359089,0.03659113255731319,-0.05028038494410862,1.0
0.9832990012710829,-0.5954996735713022,0.9668769259007092,0.35461986122352745,-0.5855542342799174,1.0
-0.4739154025200403,-1.892518024790626,0.2245958087457318,3.581624474157412,0.896893441495081,1.0
-1.6739287278821138,0.5794634040058951,2.8020373860290317,0.33577783658209925,-0.9699804387218274,1.0
-0.6972190493205368,-0.8921004517834835,0.4861144027354331,0.7958432160722954,0.6219894288909018,1.0
1.8392442600885093,0.7901119233299224,3.382819448268528,0.6242768513881092,1.453208819812052,1.0
0.7939147282695947,-0.26682416923057917,0.6303005957633845,0.07119513728558875,-0.2118356378104556,1.0
1.2914868895604634,0.5123566613299065,1.6679383859065606,0.26250934840912854,0.6617019108865447,1.0
0.7280866641768899,-0.48638084963055267,0.5301101905522313,0.23656633088733828,-0.3541274103270306,1.0
-1.8242351490441129,-0.6350867926173254,3.3278338790079967,0.40333523415696165,1.1585476497862142,1.0
-0.8878938570489208,0.03124899307085812,0.7883555013852094,0.0009764995679425388,-0.027745788986579215,1.0
-0.7141386162886301,-1.7708610953772979,0.5099939632746392,3.135949019120883,1.2646402922921112,1.0
-1.565704125558478,-1.9218708788955257,2.4514294087908386,3.6935876751466603,3.009081163877423,1.0
-1.233985548549089,-0.8830139891358746,1.522720334027996,0.7797137050096504,1.0896265017603515,1.0
1.2373705459167985,-0.44151280598766546,1.531085867902436,0.19493355785110192,-0.5463149417742151,1.0
0.8928379861235639,0.8084714439849942,0.7971596694651814,0.6536260757391815,0.7218340158859718,1.0
1.664989234194213,-1.0941227361027221,2.7721891499826317,1.197104561656907,-1.8217025764981483,1.0
0.007607057828040466,2.201184470553022,5.7867328799151724e-05,4.845213073403787,0.016744537557681474,1.0
0.9945677626843686,-0.7691290686271144,0.9891650345709906,0.5915595242072125,-0.7649509769999814,1.0
-0.3132743704345535,-1.7375370019536034,0.09814083117116583,3.0190348331579164,0.5443258103937566,1.0
0.07289509368423057,-0.7470177994658703,0.0053136946832327515,0.5580355927188313,-0.05445393247585238,1.0
0.6429387505347153,-0.8385747312912742,0.4133702369391408,0.7032075799602328,-0.5391521899663965,1.0
-1.8664535576224937,-0.9025475919611474,3.4836488827616634,0.8145921557548659,1.6845631639394985,1.0
-1.2355131580428302,-0.7670637498045544,1.5264927636969676,0.588386796264224,0.9477173559412004,1.0
0.6779470124890659,0.24363770328641707,0.45961215174284964,0.0593593304626802,0.1651734530727239,1.0
0.4757609041376267,-0.8198144372637967,0.226348437905852,0.6720957115461555,-0.3900356578977035,1.0
0.5643296867274991,0.880356508697883,0.31846799532195724,0.7750275824067256,0.4968113127619911,1.0
-1.9980751126599188,-1.1357448011075246,3.992304155830947,1.2899162532427706,2.2693034214258345,1.0
-0.5736337615186049,-0.5509662713177113,0.3290556923539837,0.3035638321297418,0.3160528546858589,1.0
-0.11566089365007351,1.6945389344864155,0.013377442319933614,2.871462200490356,-0.19599188748754218,1.0
-0.9265966890187721,-0.5641536129994312,0.858581424100551,0.31826929906031204,0.5227428699032507,1.0
-1.1300294430664166,-0.1633372168020258,1.2769665421969958,0.026679046392631973,0.18457586413481175,1.0
-0.1868542318350047,-0.19031068095284534,0.03491450395464969,0.03621815528473569,0.03556035609944058,1.0
1.1025641556893475,-0.36811727509962344,1.2156477174109637,0.13551032822677184,-0.40587291261487957,1.0
-0.3711695288310681,-0.21916476184355105,0.13776681913267708,0.04803319283394045,0.0813472813898441,1.0
-1.2602974138515939,-1.2856380765606668,1.5883495713610156,1.652865263902611,1.6202863430385457,1.0
1.4398484714640094,0.3472123945764913,2.0731636207772444,0.12055644694754107,0.49993323560431946,1.0
-0.6486525108499547,-0.4650633290029286,0.42075007983195056,0.21628389998328623,0.3016644960619882,1.0
0.26521857183499303,0.1863942940312317,0.07034089084619335,0.034742832847401255,0.049435228461155035,1.0
1.8550192726670316,1.0692556694982367,3.441096501966123,1.1433076867541223,1.983489874327719,1.0
-2.0194008331014652,-1.7260323888515856,4.077979724730892,2.979187807364711,3.485551244007004,1.0
0.13329547431520203,-0.7145323537081036,0.017767683472914683,0.5105564844956425,-0.09524392900107938,1.0
-1.6761627881724972,-0.18885372697646727,2.8095216924542,0.03566573019290204,0.31654958956564294,1.0
-0.4437330653354422,0.20789178225927596,0.19689903327198782,0.04321899313093821,-0.09224845779995683,1.0
-0.7701239164052286,-0.8607683481485225,0.5930908466193275,0.7409221491743361,0.6628982913937995,1.0
-0.4714593431410209,1.426392891992874,0.22227391223496287,2.0345966823277943,-0.6724862559199815,1.0
0.8725033854135218,0.46684969401579735,0.7612621575580566,0.21794863680264362,0.40732793850804994,1.0
-0.684927428772327,1.8555172854074142,0.46912558268467114,3.4429443964456996,-1.2708946833367083,1.0
0.41711458480606,0.045847866763094706,0.17398457685793184,0.0021020268867264842,0.019123813909131808,1.0
2.4818815262157754,1.5979087401087837,6.159735910171147,2.5533123417160404,3.965820182654715,1.0
-0.10529824278137746,2.270539951653338,0.011087719932845911,5.155351672053944,-0.23908386707401025,1.0
-1.0498646873044477,-0.7034521916441232,1.1022158616488658,0.49484498592892023,0.7385296152140858,1.0
0.5187322740046525,-0.5501776615192294,0.26908317209403787,0.30269545923476776,-0.28539490946643187,1.0
0.7298492516301069,-1.1219257215499427,0.5326799301050271,1.2587173246753596,-0.8188366482577935,1.0
-0.7226453799872778,-1.7388616657972642,0.5222163452169571,3.0236398927792365,1.2565803492253749,1.0
-0.6091788556645406,-0.8080276117210154,0.37109887818875914,0.6529086213035681,0.4922333358535599,1.0
0.4408711002615113,-0.17122768389495993,0.1943673270457955,0.02931891973203232,-0.07548933739400124,1.0
-0.359855282358366,1.616226823012541,0.12949582424121933,2.6121891434252116,-0.5816077597503427,1.0
0.7452380164682333,-1.1607309626271092,0.5553797011895067,1.3472963676012555,-0.8650208402414898,1.0
-1.7119016603687365,-0.03185348410015096,2.9306072947732367,0.0010146444493185699,0.05453003231957757,1.0
0.991648989925231,-1.0389153522841892,0.9833677192197309,1.079345109211781,-1.0302393597104318,1.0
-1.2158390995758845,0.0997006615418101,1.4782647160574978,0.009940221911874573,-0.12121996255611442,1.0
0.08117240936367258,0.34451611255473624,0.00658896004190364,0.11869135180982769,0.02796520292067415,1.0
-1.1380631506348586,1.74363262899999,1.295187734832941,3.0402547449134167,-1.98436404330947,1.0
1.4112214959517968,0.789109547839843,1.9915461106364272,0.6226938784920014,1.113608356572389,1.0
1.7170322610419573,0.860801376745513,2.948199785458856,0.7409790102069707,1.478023734221378,1.0
0.18568159199485804,-1.318184759170659,0.03447765360574493,1.7376110593098084,-0.2447626446261665,1.0
0.5655738153765447,-0.41655105390191427,0.3198737406395819,0.17351478050679547,-0.23559036885442639,1.0
0.3123413897460038,-0.8061940380850867,0.09755714374846504,0.6499488270439383,-0.2518077662604387,1.0
-1.9094968106600911,0.42628299246152296,3.64617806992106,0.18171718966195083,-0.8139860145439177,1.0
0.24746388309407216,0.6537255312161344,0.06123837343599661,0.42735707016381713,0.1617734584324797,1.0
0.7590868084148529,-0.41500274241414176,0.5762127827094475,0.1722272762112585,-0.31502310722256216,1.0
0.07792405778522705,-1.1323804221973637,0.006072158781715405,1.2822854205758796,-0.08823967745416718,1.0
-1.0107313695220763,-0.01967093093957865,1.021577901335972,0.0003869455240296726,0.019882026968334514,1.0
-1.233313178131989,0.6050388314700262,1.5210613953540273,0.3660719875866148,-0.746202364133563,1.0
1.382859847190457,0.9676385659170337,1.912301356971614,0.9363243942499735,1.338108519399622,1.0
1.5780989028312515,1.1992786057998746,2.4903961471172,1.4382691743292908,1.8925802520017752,1.0
0.506396414224712,1.1505912743500766,0.25643732833964616,1.3238602806105333,0.5826552955691207,1.0
-0.5963202345874452,-1.6849795055380998,0.35559782217842567,2.8391559340834194,1.004787374017517,1.0
1.241750146460595,0.9302201191493364,1.5419434262349088,0.8653094700702056,1.1551009691942806,1.0
0.9364306790604191,-0.9065825930873188,0.8769024166855577,0.8218919980889271,-0.8489517532691135,1.0
0.3194496571867507,-1.5295858544317247,0.10204808347673255,2.3396328860776294,-0.4886256768359176,1.0
1.2125871463958384,-0.9561579650313639,1.4703675876044024,0.9142380540929188,-1.1594248583210334,1.0
1.3057692506564191,0.23421178683960767,1.7050333359598264,0.05485516109460182,0.3058265493964555,1.0
1.3548294697266285,0.05512563352857783,1.8355628920397375,0.003038835471927064,0.07468583284186756,1.0
-0.8686504995831758,-0.31916069433577865,0.7545536904261008,0.10186354880889632,0.2772390965820874,1.0
1.6612191331510517,1.8629065358771149,2.759649008347132,3.4704207614136724,3.0946959806712093,1.0
0.8492502178629596,-1.2702458437138853,0.7212259325402843,1.6135245034724002,-1.078756559513536,1.0
0.42585814738931954,-0.029921718199699642,0.1813551616978634,0.0008953092200222368,-0.012742407479229376,1.0
-0.677424881995309,-0.9763956626469066,0.4589044707463584,0.9533484900356918,0.6614347165493123,1.0
-2.057474595174366,-0.8659279226367856,4.23320170978792,0.749831167202059,1.7816247020773002,1.0
-1.6883300694906036,-0.4957961122964868,2.8504584235461463,0.24581378496831055,0.8370674847266987,1.0
-0.8137211916480209,-2.215601749170922,0.6621421777370752,4.9088911109292495,1.8028820955528022,1.0
-0.3170830820661854,-0.7995058911725007,0.10054168093259126,0.6392096700195345,0.25350979210304875,1.0
0.3116086454704673,-1.031614017150535,0.09709994793193938,1.0642274803814644,-0.32145984653262566,1.0
0.8464595809459967,0.04379470985474053,0.7164938221752724,0.0019179766112609072,0.03707045175129518,1.0
0.7350447985589486,1.7387073800144803,0.5402908558885653,3.0231033533168183,1.2780278158957008,1.0
0.7955796005851353,-0.6218140592979627,0.6329469008672035,0.3866527243406103,-0.4947025809344949,1.0
-2.4549889238671754,0.22419048326742047,6.0269706163105115,0.05026137278767954,-0.5503851532579466,1.0
-1.096710082439146,0.7278735359965294,1.2027730049236784,0.529799884404091,-0.7982662456680265,1.0
0.7972651442160328,0.4198531984279193,0.6356317101818115,0.17627670823015376,0.3347343207941977,1.0
1.18279382690697,1.6750318036798446,1.3990012369692353,2.8057315433389536,1.9812172772653678,1.0
0.4069067293552114,-0.6660709177125481,0.16557308639455526,0.443650467422436,-0.27102873864503707,1.0
1.2411201328360102,-1.3468813183864818,1.5403791841308756,1.8140892858185074,-1.671641520790171,1.0
0.7260741085167915,-0.0856230836775929,0.5271836110584536,0.007331312458460076,-0.06216870414966691,1.0
-1.2223147842789712,0.9241589610034326,1.494053431866948,0.8540697852029442,-1.129613161058389,1.0
-0.9640631486383832,-2.3895375403222783,0.9294177545625533,5.709889656609444,2.303665084912713,1.0
-1.014009543980081,1.6451093477502572,1.0282153552826916,2.7063847660552764,-1.6681565795096067,1.0
-0.658207804939617,-0.2350815412005301,0.43323751448342884,0.05526333101321653,0.15473250521542303,1.0
1.0886306605274771,0.7012243814634331,1.185116715040491,0.49171563315877437,0.7633743615705089,1.0
-0.36216818461126216,0.40943751608488377,0.13116579394461728,0.16763907957775945,-0.1482852419122068,1.0
0.2332256567596374,-0.7148923518903582,0.054394206970964205,0.5110710747913276,-0.1667312382820706,1.0
1.111222563155233,-0.936819657225838,1.234815584865286,0.8776310701647367,-1.0410151407167025,1.0
-0.7989141964903445,2.074305408939723,0.6382638933538127,4.302742929556591,-1.657192039058654,1.0
0.931532089698272,0.24362806411794108,0.8677520341376294,0.05935463362585561,0.22694735967693025,1.0
0.7391434577601318,-0.8118786244741788,0.5463330511496037,0.6591469008780846,-0.6000947737753841,1.0
0.5521919777190722,-0.39425794002874276,0.3049159802573004,0.15543932327570772,-0.21770607163591885,1.0
0.06025302346473111,0.37146173224068074,0.003630426836641438,0.13798381851924718,0.0223816924689474,1.0
0.12747656431666865,0.005869416086556974,0.01625027444998176,3.4450045197133786e-05,0.0007482129972592697,1.0
-0.3716692332505155,1.8961678901802748,0.1381380189450261,3.5954526677507146,-0.7047472658575503,1.0
-0.7524114161763238,-0.6532479936673427,0.5661229391924611,0.42673294123040856,0.49151124802958746,1.0
0.7488279082469186,0.21549666137777332,0.5607432361694555,0.0464388110649667,0.16136991417371252,1.0
0.23661269716602715,0.4108362470126907,0.05598556846018207,0.16878642185947262,0.09720907249924092,1.0
-0.7257937137061607,-0.926260673979503,0.5267765148553805,0.857958836160963,0.6722741744275549,1.0
0.5483889034116171,0.5098733057133308,0.30073038938499586,0.25997078787903966,0.2796088629989896,1.0
-0.4970895720166564,-1.8533058735365648,0.2470980426077026,3.4347426608851297,0.9212590234922465,1.0
0.8685270657544086,-0.5393287279095498,0.7543392639479629,0.2908754767485332,-0.4684215975283391,1.0
1.0843585623284058,0.31180620122194586,1.1758334916949271,0.09722310712046059,0.3381097240821108,1.0
1.2892375995363372,0.47386204860499503,1.662133588058217,0.22454524110812268,0.610920770054875,1.0
1.2717973499768314,-0.09518220348764221,1.6174684994080908,0.00905965186076293,-0.12105247416053888,1.0
0.7636954268827219,0.998413075432953,0.5832307050415828,0.9968286691954875,0.7624834998480602,1.0
0.6999664817529361,-0.7515807897774909,0.4899530755775834,0.564873683562557,-0.5260813611736433,1.0
1.2008779592899728,-0.527426959841047,1.4421078731084496,0.27817919796716944,-0.633375411208431,1.0
-1.837376985313914,0.5458351694603529,3.3759541861612465,0.2979360322198122,-1.0029049781413726,1.0
0.5617501219161838,-0.6030648588073894,0.31556319947284733,0.36368722392837644,-0.33877175795841713,1.0
-0.3147277043853315,-0.230456558607211,0.0990535279076606,0.053110225405078884,0.07253106365099113,1.0
-0.4712496032877343,-0.02860145402181979,0.22207618859884695,0.0008180431721622715,0.01347842386123495,1.0
1.1506645363126744,0.9725851136486723,1.324028875127662,0.9459218032910007,1.1191191988211593,1.0
-0.5086795177719243,1.3807504389107574,0.2587548518006775,1.9064717745522493,-0.702359467428497,1.0
-1.9462015154232064,-1.067241386830818,3.787700338635585,1.1390041777645676,2.0770668043725022,1.0
-0.8122161624041477,-2.3591298934193787,0.6596950944705209,5.565493854024929,1.9161234286459938,1.0
1.6770358047383216,0.2631725511208833,2.81244909037431,0.06925979166347393,0.4413497910540476,1.0
-1.0609898080558366,-0.32563601811985177,1.125699372798361,0.10603881629695243,0.34549649636104846,1.0
0.1942847533019164,1.7941126250906592,0.03774656536558652,3.2188401115096963,0.34856872876159234,1.0
1.0629169029667178,-1.4463214127916837,1.129792342612359,2.091845629099732,-1.5373194767789842,1.0
-1.9400719066809338,-0.9158983139188525,3.763879003092594,0.8388697214393968,1.7769085882104005,1.0
-1.0912589287326253,-0.6126441589345472,1.190846049538677,0.37533286547661865,0.6685534085732142,1.0
-0.2582393315093588,-0.28180944065977,0.06668755233840051,0.07941656084497242,0.07277428156900531,1.0
-0.9666597250634165,-2.2622432574190228,0.9344310240596799,5.117744555737831,2.1868194452432403,1.0
-0.03969424518023097,-0.7920469076193498,0.0015756331004282897,0.6273383038693748,0.03143970414528622,1.0
0.09329152596736315,-1.0748039741130575,0.008703308817319193,1.155203582769222,-0.10027010286079341,1.0
-0.5929914564205184,-0.41287523215325733,0.3516388673877276,0.17046595732560613,0.24483148523451972,1.0
-1.1749794599754873,-1.0025840029707727,1.3805767313642876,1.0051746830128983,1.1780156103906607,1.0
0.5633790987214188,-0.7029527124636984,0.31739600887615815,0.494142515960071,-0.3960288655915751,1.0
-1.035081328927426,1.6220824069205728,1.0713933574941665,2.6311513348412388,-1.6789872133851445,1.0
-0.2938565808954328,0.9684077779105661,0.08635169013555405,0.9378136243176803,-0.2845729985293426,1.0
-0.5203234744307756,-0.6258493910386672,0.270736518043714,0.39168746026347057,0.32564412961562444,1.0
0.6156077355041064,-0.6817578824914807,0.37897288401249385,0.46479381033926764,-0.41969542620265515,1.0
0.8183113533863134,-1.3320676325972045,0.66963347108094,1.774404177813121,-1.090046067232721,1.0
1.2554269406526586,1.8843280709036168,1.576096803316494,3.5506922787953457,2.3656362252404537,1.0
0.318260674298152,-0.854400650183941,0.1012898568047144,0.7300004710347411,-0.2719221270483206,1.0
-1.2181958075464832,0.8206312914686114,1.4840010255238283,0.6734357165374409,-0.9996895988085184,1.0
-1.6566729229561081,-1.380383001625955,2.744565173655935,1.9054572311778815,2.286843142102597,1.0
0.20415247198585088,-0.7540952222097145,0.04167823181793363,0.5686596041595187,-0.15395040372683272,1.0
1.735853650408892,0.984569647650216,3.0131878956378757,0.9693773910740706,1.709068816955424,1.0
-0.8807292826553699,-0.3750420339113632,0.7756840693266424,0.1406565272003721,0.3303105014923658,1.0
0.18620473862815334,0.710151892306522,0.0346722046875789,0.504315710146534,0.13223364749322442,1.0
-1.0966460523991097,-2.242305816669299,1.2026325642425508,5.027935375468971,2.4590158221219482,1.0
-0.3411807726748141,-1.7076480996639383,0.11640431964298319,2.9160620322858595,0.5826166981000205,1.0
-0.27996422588730757,1.4792649784309577,0.07837996777667938,2.1882248764123418,-0.4141412745686278,1.0
0.9285099947995885,0.4386127577286316,0.8621308104427319,0.1923811512423153,0.40725632939764495,1.0
-0.20070906095555782,1.5319922784555737,0.04028412714966183,2.3470003412475,-0.3074847315999837,1.0
0.4397877036956106,1.051936183201785,0.19341322432185817,1.1065697335291396,0.4626285984446382,1.0
-0.9128234302125211,1.6460746729395843,0.8332466147449534,2.7095618288931593,-1.5025755293386651,1.0
0.7651337320133512,0.2378238220048419,0.5854296278646788,0.05656017031299072,0.18196702849224364,1.0
-1.3293627482475574,1.2155732180599639,1.7672053164282986,1.4776182484646565,-1.6159377538563209,1.0
1.259565836151383,-0.49333954907071165,1.5865060955997328,0.2433839106772931,-0.6213936416317972,1.0
0.7121545497026646,-0.5535874696648371,0.5071641026622049,0.3064590865699169,-0.3942398351801995,1.0
0.1137585980865201,0.39176472806597884,0.012941018638610415,0.15347960215661036,0.04456660624453253,1.0
-1.223576930074592,0.8258236796055267,1.497140503810763,0.6819847497972117,-1.0104588026746337,1.0
0.5014483482442158,-0.05179623710294479,0.25145044595685234,0.002682850178024474,-0.025973137540537428,1.0
-0.07272259309778298,1.084584617225894,0.005288575546865713,1.176323791923039,-0.07887380579863339,1.0
-0.533108858951264,1.949441943079672,0.2842050554923187,3.8003238894382467,-1.0392647698669388,1.0
-0.5409218990257826,0.6529308439343655,0.2925965008456589,0.4263186869608428,-0.35318459203348385,1.0
0.6020758562531576,0.9974146141334771,0.3624953366829729,0.994835912487033,0.600519257843826,1.0
1.1942091492532236,0.9626921967877111,1.4261354921601082,0.9267762657559491,1.1496558293185695,1.0
0.8021534328545782,-0.5706659108025649,0.6434501298403843,0.32565958175212095,-0.45776161936336196,1.0
-1.3335958280075648,0.4070216121364394,1.7784778324791823,0.16566659274614612,-0.5428023238540688,1.0
0.5171246185473282,1.2309993329934066,0.26741787110771964,1.5153593578302118,0.6365800605062307,1.0
-0.2890501958130831,-1.5614098408899784,0.08355001569958169,2.4380006912280674,0.4513258202537232,1.0
-2.177579978877471,0.2031924529420408,4.741854564408007,0.041287172932603464,-0.4424678173855907,1.0
-1.373259517594685,0.5136121244489531,1.8858417026643868,0.2637974143809669,-0.7053227382515506,1.0
-0.26025065120054003,0.29020082368885697,0.06773040145030515,0.08421651806969105,-0.07552495334395813,1.0
0.4608215506256492,0.2733213547081175,0.21235650152102778,0.07470456293948059,0.1259523704956978,1.0
0.843318920842159,2.0121085806918066,0.7111868022503836,4.048580940493596,1.6968492368862627,1.0
1.214456600059582,-0.8739931653778173,1.4749048334282795,0.7638640531271368,-1.061426768100056,1.0
-0.7102061481239583,-0.724396905656745,0.5043927728330698,0.5247508769250671,0.5144711360793913,1.0
-1.5730900727640884,0.9240314752741776,2.474612377028925,0.8538341672973732,-1.453584740675364,1.0
1.9767211121921608,1.5493625803309283,3.9074263553862134,2.4005244053297123,3.062657722980669,1.0
-0.4703751377048665,0.17613497074232665,0.2212527701708721,0.031023527918400264,-0.08284951111756453,1.0
1.018625100593985,1.1429991307124965,1.0375970955601062,1.3064470128095227,1.1642876045008541,1.0
0.7530693519037756,0.9083229313568537,0.5671134487767725,0.8250505476287076,0.6840301612362434,1.0
1.6555311890553406,1.3771410845960903,2.74078351793499,1.8965175668824958,2.279900017278327,1.0
1.1148148853325126,-0.34077786135754284,1.2428122285589431,0.11612955079142069,-0.379904232433168,1.0
0.7593080099539559,0.33998157670402734,0.5765486539802367,0.11558747249815643,0.2581507344281432,1.0
0.3174407312507501,-0.8778065604897496,0.10076861785701097,0.7705443576388444,-0.2786515564585719,1.0
1.1790633040896625,0.24129544583115015,1.390190275050832,0.05822349217885352,0.2845026056234641,1.0
0.1828870454981302,0.18221073947376318,0.03344767141103515,0.033200753579575595,0.03332398380038608,1.0
0.9475204829076211,0.3501885427447636,0.8977950655294916,0.12263201546970111,0.3318108171302345,1.0
0.9636089690032466,0.11871976711297078,0.9285422451434998,0.014094383103358017,0.11439943238803531,1.0
0.6107312628939521,0.9880898580896317,0.3729926754760416,0.9763215676595884,0.6034573668837866,1.0
-0.40511875617620047,0.25236925238923114,0.16412120660575177,0.06369023955149944,-0.10223951762504292,1.0
0.7158815743481608,-1.1635833598784122,0.5124864284912013,1.3539262353859345,-0.8329878875550802,1.0
1.4252658559566758,0.1599185961704008,2.031382760155916,0.02557395740111173,0.22792651485419627,1.0
0.972538929338497,-0.4206319488453859,0.94583196907887,0.17693123638946734,-0.409080945175657,1.0
0.6669942224090115,-1.3233058468561938,0.44488129272700194,1.751138364323788,-0.8826373543331455,1.0
0.23028915587230692,0.59252536578245,0.05303309531237967,0.3510863090956261,0.13645216631897028,1.0
-2.0595360767828867,-0.8468868470705712,4.2416888515702444,0.717217331741133,1.7441940144947528,1.0
1.3310981928238592,0.04723646231319548,1.7718223989389439,0.002231283371865937,0.06287636962048684,1.0
-0.7576406326667973,-0.07095287844217948,0.5740193282677448,0.0050343109592306985,0.05375678371246322,1.0
0.5223228426356227,-0.7453699527865333,0.27282115193895745,0.5555763665169988,-0.3893237525546419,1.0
1.9527107844717915,0.05333036500563407,3.813079407792439,0.002844127831634159,0.10413877888631867,1.0
0.3007706191960132,-1.4600767116701492,0.0904629653715532,2.131824003961516,-0.4391481766427096,1.0
-1.138785189452812,-0.5022567556279122,1.296831707717077,0.2522618485738763,0.5719625546116867,1.0
0.7483888486047053,-0.9710667372049515,0.5600858687158765,0.9429706081058704,-0.7267355173751416,1.0
0.8410768427877527,0.5163576219285009,0.7074102554738142,0.2666251937236567,0.4342964384010156,1.0
-0.651884452244854,-0.4659866032758637,0.42495333907857336,0.2171435144325772,0.30376942162992654,1.0
1.4053593103344486,0.7378939258248033,1.975034791143717,0.5444874457691403,1.0370060986971243,1.0
1.2063330878373606,1.3014277996511874,1.455239518811221,1.6937143177049312,1.5699554161505989,1.0
-0.9735571104735504,0.14434730491572792,0.9478134473536088,0.02083614443643413,-0.1405303450784006,1.0
-1.7485855418870917,-0.8346542470001972,3.057551397296574,0.6966477120354662,1.4594643487792023,1.0
-1.93215200355004,-0.6321012954045775,3.7332113648224334,0.3995520476521449,1.22131578436253,1.0
-0.7625581713359207,-0.9006036876968282,0.5814949646711834,0.811087002293126,0.6867627011884799,1.0
-2.041869795084407,-1.5400653597121268,4.169232260078038,2.3718013121852426,3.1446129404519936,1.0
-1.3073260977762708,1.372179061147422,1.7091015259269318,1.8828753758514207,-1.7938854974601661,1.0
-0.16497165803841457,0.40407263513153824,0.027215647955943594,0.16327469446214524,-0.06666053258560119,1.0
0.03899452865859961,-0.4974512734992544,0.0015205732653063464,0.24745776950603,-0.01939787794072355,1.0
-1.3553459649759,0.6236937631632848,1.8369626847764537,0.38899391020877966,-0.8453208252839928,1.0
0.38146306731679797,0.0941049315612536,0.14551407172673994,0.008855738144148225,0.035897555842993145,1.0
-0.2525666352406336,0.5025534919617239,0.06378990523677526,0.2525600122829225,-0.12692824449320342,1.0
0.20470898954840167,-0.006540054622738798,0.041905770401927625,4.277231446840712e-05,-0.0013388079734122126,1.0
1.0828111098965483,0.6101565657305014,1.1724798997153947,0.3722910347040396,0.6606843081493103,1.0
1.278044721545965,1.4486727925242533,1.633398310271503,2.0986528598000183,1.8514686157328748,1.0
0.48471726575545443,0.5801795496258062,0.23495082772144382,0.3366083098040033,0.28122304494185174,1.0
-0.5227592335086492,1.6794855277520488,0.2732772162185504,2.820671637928578,-0.8779665671765302,1.0
0.3042310810877728,0.7086095397746575,0.092556550699835,0.5021274798596519,0.21558104635475317,1.0
0.1679033285209246,0.9863323950775925,0.02819152772840553,0.9728515935795,0.1656084921615434,1.0
0.18062228778398026,0.4162991027363654,0.03262441084431898,0.1733049429391029,0.07519289633866055,1.0
0.7429509616268628,0.18181048157858773,0.5519761313822802,0.03305505121183799,0.13507627212265477,1.0
-0.7392452788000855,1.0444304752973466,0.5464835822282161,1.0908350177298411,-0.7720902978984928,1.0
-1.3312259835784181,-0.2059771971615694,1.7721626193543267,0.042426605750536035,0.274202196886136,1.0
0.3980924567309321,0.29768767990644923,0.15847760410606904,0.08861795476808458,0.1185072198324897,1.0
0.2392730130236247,-1.2209657605951547,0.05725157476140367,1.4907573885457046,-0.29214415633628427,1.0
0.7986628722423212,-0.7151895628439987,0.6378623834983543,0.51149611080099,-0.5711953504587182,1.0
1.8961338659433546,0.7072278422939455,3.5953236375772915,0.5001712209157498,1.3409986627115962,1.0
0.7904865482328782,1.3371954832571873,0.6248689829371306,1.7880917604434226,1.0570350418725696,1.0
0.9615841973293869,0.12691206441237243,0.9246441685536013,0.01610667209341017,0.1220366355893866,1.0
-0.19916794046996839,0.49545311662861447,0.03966786851104887,0.24547379077700746,-0.0986783768383482,1.0
0.5701540147316869,1.087672043364384,0.32507560051466067,1.1830304739164546,0.6201405822356211,1.0
0.8923533170505373,2.0203397073528153,0.7962944424510968,4.081772533106459,1.8028568394251967,1.0
1.3778712055889937,2.174856695744835,1.898529059191267,4.730001647026143,2.9966724173492314,1.0
0.6012846020389708,0.7281449463183274,0.3615431726491635,0.5301950628489198,0.43782234427370326,1.0
0.9284834787709922,0.9534665463180334,0.8620815703506836,0.9090984549476385,0.8852779358171311,1.0
1.3052892613022131,-0.45778810175518725,1.7037800556708773,0.20956994610861768,-0.5975458931729707,1.0
1.0230338568158284,-0.40921619000535947,1.0465982721914688,0.16745789016250245,-0.41864201713266175,1.0
0.8047054452183354,-0.8460515056416382,0.6475508535640394,0.715803150198483,-0.6808222535249975,1.0
-0.04138588189623572,-1.2292323658081779,0.0017127912203291713,1.51101220915037,0.05087286551436767,1.0
0.7099713933587188,0.4101998513477824,0.5040593793877207,0.16826391804574278,0.2912301600169244,1.0
-0.494931750818892,0.19228600571081902,0.24495743796865382,0.036973907992221125,-0.09516844946442712,1.0
0.7151587987461447,0.21396821270372082,0.5114521074240288,0.04578239604762472,0.15302124996705257,1.0
1.023540990002111,1.624041623362101,1.0476361582145017,2.637511194412608,1.6622731709806804,1.0
1.3840506661105936,0.8451812367561562,1.9155962463611778,0.7143313229646657,1.1697736537165333,1.0
1.4494070174618028,0.24731579491026234,2.1007807022675187,0.06116510241209495,0.35846124867207824,1.0
-0.7286276975513984,1.5173376716562041,0.5308983216390522,2.302313609827071,-1.1055742541068598,1.0
-0.9604222283329563,-0.3031254864446633,0.9224108566760413,0.09188506053231375,0.29112845515569485,1.0
0.48985299258055565,-0.8749671061764338,0.2399559543401259,0.7655674368907628,-0.4286052553700749,1.0
0.9047899587971584,0.26472784305236347,0.8186448695401636,0.07008083088715679,0.23952309420780857,1.0
0.08117685599078223,-0.837013013247657,0.006589681948548197,0.7005907843459224,-0.06794608483881574,1.0
-0.1469812947639848,0.06325973283430593,0.02160350101049739,0.0040017937982677635,-0.009297997438410048,1.0
-1.968455938467414,0.32670354295084963,3.874818781687628,0.10673520497663765,-0.6431015292399438,1.0
-0.7655101316393562,-2.181972928891128,0.5860057616425045,4.761005862413728,1.6703223840289592,1.0
0.6335221613689045,-1.4009432835642661,0.40135032894552825,1.9626420837638276,-0.887528616958884,1.0
-0.5102622155025874,-1.6953306778764532,0.260367528569609,2.874146107349034,0.8650631877027424,1.0
1.6173511314311901,-0.5351550319345926,2.615824682341751,0.2863909082049148,-0.865533596390508,1.0
-1.3408308799399835,0.3359039531833391,1.7978274486006305,0.11283146576419487,-0.4503903931221356,1.0
-1.3426521002677465,1.231939358057196,1.8027146623533907,1.5176745819303763,-1.6540659664979935,1.0
0.5777708233334086,-0.20527297248367699,0.3338191242953648,0.04213699323228441,-0.11860073431999017,1.0
1.6802484645393192,-0.3156764276444195,2.82323490258674,0.09965160697034242,-0.5304148328407934,1.0
-1.3723121555022177,-0.16789925115643903,1.8832406521391432,0.028190158538892993,0.23041018326170107,1.0
0.1451542148547246,-0.6572448828982584,0.021069746090091553,0.43197083609594544,-0.09540186494438212,1.0
-0.45325194427985893,-1.6892411563617196,0.20543732499347234,2.8535356843462796,0.7656518384785066,1.0
1.1040029545278276,0.6165684233619361,1.2188225236061725,0.3801566206870236,0.6806933610601419,1.0
0.5651355919939132,-0.17829818335960176,0.31937823733831067,0.03179024218933417,-0.10076264940436783,1.0
-1.430956283475766,0.6312924288816751,2.047635885218777,0.3985301307633249,-0.9033518678189112,1.0
-0.12030166320571149,-1.7008515585038804,0.014472490170060439,2.8928960240650787,0.2046152713540433,1.0
0.8669814534264885,1.9983342866256009,0.7516568405855064,3.9933399211034493,1.7325187642506483,1.0
-0.036899283823839855,-0.1774372676046327,0.0013615571467122897,0.03148398393499803,0.006547308098269967,1.0
1.5261128654431049,0.8297674767769971,2.3290204780709645,0.6885140655168644,1.266318821635638,1.0
-0.19868996497408792,0.2573375205898226,0.039477702181404284,0.06622259950331738,-0.05113038295251048,1.0
-1.7147121063948287,-1.2635849502237169,2.9402376078169903,1.596646926431873,2.1666844116069144,1.0
-0.6895592329628496,-0.4254831652006942,0.4754919357643135,0.18103592386920123,0.2933958450343961,1.0
-1.4396453625209105,2.028846973803373,2.0725787698279636,4.116220043111105,-2.9208201371006095,1.0
0.9599088552654467,1.3746683723130213,0.9214250104170203,1.8897131338377313,1.3195563436366071,1.0
-0.9296568359755493,-0.3460257831917788,0.8642618326760693,0.1197338426334839,0.32168523476803046,1.0
-1.116299398558224,1.0514429102165335,1.2461243472214525,1.1055321934446132,-1.173725088293025,1.0
-1.3859082922071881,-0.4383047203068905,1.920741794408645,0.1921110278433015,0.6074501463868719,1.0
-1.2723952027494703,-0.06508307399793332,1.6189895519798656,0.0042358065210204646,0.08281139113515915,1.0
0.0964847651176191,1.6628500628033656,0.009309309899802127,2.765070331365157,0.1604396977354009,1.0
-0.6399960623410744,-0.4291321464986207,0.40959495981208044,0.18415439915851364,0.27464288398309034,1.0
0.6986652652145602,-0.15432044463753428,0.4881331528173317,0.02381479963312628,-0.10781833438071174,1.0
0.6274789647686978,0.3102554122771907,0.39372985122719667,0.09625842084728958,0.19467874490957718,1.0
-0.05535847595932495,-0.008864647728727767,0.0030645608605391586,7.858197935443837e-05,0.0004907333881786606,1.0
0.4884601713606989,1.6027752534968955,0.23859333900572335,2.5688885132220376,0.7828918749757813,1.0
0.6518309121424716,1.5045116732569663,0.4248835380244865,2.2635553749664767,0.9806872163080845,1.0
-0.13330930742805933,-0.10692476149033889,0.017771371446948833,0.011432904619765857,0.014254065901187506,1.0
1.7890476798737354,1.4023247367280998,3.2006916008615955,1.9665146672395344,2.5088258166729536,1.0
-0.18014637976016884,-1.1785312454411532,0.03245271814069497,1.3889358964810756,0.21230813730046674,1.0
0.7347865097990252,-1.1778619522481726,0.5399112149826328,1.3873587785538763,-0.8654770729175008,1.0
-2.0170724486063083,-0.3494424854441585,4.0685812629266485,0.12211005063339093,0.704850809761923,1.0
1.4673827842821008,1.573535747419367,2.1532122356074903,2.4760147484066257,2.308979266215647,1.0
-1.0301150003063464,1.212326249355983,1.061136913856144,1.469734934877545,-1.2488354547267302,1.0
0.8460280824617221,-0.19057612456702377,0.7157635163138585,0.03631925925498576,-0.1612327532304254,1.0
-0.5145948576231753,-0.7884091326481889,0.264807867492216,0.6215889604430695,0.4057112853639059,1.0
0.005837620861375899,0.08590240262505146,3.4077817321171096e-05,0.007379222776756448,0.0005014656576063122,1.0
-0.7658630255914716,-0.6471978944029523,0.586546173968123,0.41886511451961495,0.49566493756387475,1.0
-1.144655063347877,-0.6767910685113722,1.310235214047932,0.45804615041676483,0.774692323400162,1.0
-0.11086466018072964,0.6402224973854733,0.012290972876988661,0.4098848461584924,-0.07097804961269857,1.0
-1.5452423677156948,-1.863702935666247,2.3877739749836064,3.4733886324109866,2.8798727370276027,1.0
-1.266345059031727,-2.2561362092174764,1.603629808534068,5.090150594542204,2.857046941045122,1.0
0.1111048054535704,0.3406937993767057,0.012344277794875728,0.11607226493373499,0.037852718298986635,1.0
1.488680510743205,-0.7738850099568492,2.21616966306665,0.5988980086359126,-1.1520675318790725,1.0
-0.40457731066150393,1.624903076211032,0.16368280030209506,2.6403100070800747,-0.657398916659064,1.0
0.18526643421229053,1.6680772946601703,0.034323651645736974,2.7824818609607926,0.309038732372174,1.0
0.15093288910453717,-0.6803160384351103,0.022780737013442517,0.46282991215204256,-0.10268206518516455,1.0
0.15117373141246981,-0.10166913969365997,0.022853497069169563,0.010336613966048945,-0.015369703216986226,1.0
2.0902257551017227,1.7427353626668594,4.369043707290567,3.0371265442895896,3.642710339372811,1.0
-0.7925185045291219,-1.3184367377526758,0.6280855800210757,1.738275431455918,1.0448855117200047,1.0
0.5693406489340429,-1.0537215121977646,0.3241487745286371,1.1103290252683438,-0.5999264895504363,1.0
-0.13676106341917357,1.5806850272880364,0.018703588467543216,2.4985651554925803,-0.21617616526267724,1.0
0.1265583499934857,-0.38914230103954367,0.016017015953073623,0.15143173045835084,-0.04924920753223294,1.0
-1.2905759660537763,-1.3942814406042074,1.6655863241556381,1.944020735613344,1.799426117158626,1.0
2.393344376402174,1.0616516713819053,5.72809730405591,1.127104271347993,2.540898057399852,1.0
-0.5369453053494071,-0.5183943049455794,0.28831026093676804,0.26873265540001035,0.2783493883603978,1.0
-1.0917660931534843,-0.8740864705509398,1.1919532021596224,0.7640271580001989,0.9542979710317177,1.0
-0.20406059033376694,-0.27222511807145594,0.04164072452736546,0.07410651490901812,0.055550418297340705,1.0
0.9775579271272725,-0.6659538916697121,0.9556195008893699,0.4434945858300346,-0.651008505902984,1.0
-0.46182886393881567,0.5002976976570718,0.21328589956701713,0.25029778628096677,-0.23105191734017053,1.0
1.57160010645064,0.5544127102513973,2.469926894595663,0.3073734532882998,0.8713150744486837,1.0
-1.219648710447253,1.1872027779414323,1.4875429768956474,1.4094504359518536,-1.4479703371556645,1.0
-1.14415493972815,-0.13921056123468042,1.3090905261043266,0.019379580359274708,0.15927845129898774,1.0
0.35545036739030433,-0.5152305036027175,0.12634496367790232,0.2654624718427099,-0.18313887179627744,1.0
-0.30135878228826685,0.1848797164136829,0.09081711566226701,0.03418050954120381,-0.05571512620822758,1.0
0.0007833412529210158,-1.4627898844704705,6.136235185278669e-07,2.1397542461091326,-0.0011458636608612865,1.0
0.20558219747129367,-1.084566301693269,0.04226403991712598,1.1762840627686149,-0.22296752360541627,1.0
-0.6181174639005886,0.9780611653562149,0.3820691991788955,0.9566036431779571,-0.6045566870696378,1.0
-1.5451133239498067,-1.2285328319406779,2.38737518384722,1.509292919156182,1.89822244754133,1.0
-0.496720113716947,-0.6051749476497964,0.24673087137097677,0.36623671726293383,0.3006025688152543,1.0
-0.13549032039641562,-0.39760718987909316,0.01835762692112336,0.15809147744354923,0.0538719255486368,1.0
0.368782214096629,-0.43331371606542757,0.1360003214340119,0.18776077653042997,-0.1597983916090464,1.0
1.2553147213758318,1.416482382730356,1.5758150497028822,2.006422340585467,1.7781311876109314,1.0
-0.6563439512457339,-1.697399445909201,0.43078738233686226,2.8811648789728626,1.1140778591703644,1.0
-1.9200651159992452,0.03469014277819371,3.686650049677195,0.0012034060059714653,-0.06660733301744289,1.0
-0.8293765780661658,-1.6620822585362083,0.6878655082447429,2.762517434140823,1.3784920960492448,1.0
0.7688711194251638,-1.1773625403222385,0.5911627982861045,1.3861825513540347,-0.9052400543468141,1.0
-1.3442913738939197,1.4877012088109525,1.8071192979256023,2.213254886697569,-1.9999039019361204,1.0
0.61497394580429,2.203464561094059,0.3781929540180978,4.8552560719974345,1.3550732955759315,1.0
0.3937537444680625,0.8926764411736524,0.15504201128262027,0.7968712286264573,0.3514946913105498,1.0
0.5437925301589448,0.19497860613893012,0.2957103158566669,0.038016656851880035,0.10602790955915317,1.0
-0.3436627220958042,1.021118333735426,0.11810406655829793,1.0426826514906127,-0.3509203061534483,1.0
-1.2986009442809319,-1.0399895709544167,1.6863644124873278,1.0815783076939518,1.3505314388837266,1.0
-0.2046305016115738,-0.8530131402127761,0.041873642189804314,0.7276314173756612,0.1745525067630041,1.0
-0.04178779974521634,-0.33135807039731435,0.0017462202075463028,0.10979817081743154,0.01384672468972427,1.0
-0.17860787466275982,0.1740709503512542,0.03190077289154812,0.0303006957561888,-0.031090442482764297,1.0
0.866000872783318,-1.5224293400145839,0.7499575116614686,2.3177910953372414,-1.3184251372035605,1.0
0.12555565779792197,0.8475287503723321,0.015764223205068883,0.7183049827076868,0.10641202975564897,1.0
1.1144691801128548,-0.577474504214776,1.2420415534214189,0.33347680301810134,-0.6435775372483187,1.0
1.3879751122348423,-0.40984805881487096,1.926474912183323,0.16797543131431794,-0.5688589054328027,1.0
1.2697501453232638,0.3901227886790884,1.6122654315484495,0.15219579024674865,0.49535846761918945,1.0
0.343180598257727,-0.4360793971424698,0.11777292302053143,0.19016524061213988,-0.14965398839922173,1.0
0.08576961511890774,2.1022368934354962,0.007356426877645567,4.419399956121326,0.18030804923873078,1.0
-0.448168897732368,0.12412014374114337,0.20085536089464573,0.015405810082322093,-0.0556267880068513,1.0
-1.197982669235424,1.4284803601223188,1.4351624757884314,2.0405561392551896,-1.7112947147697153,1.0
2.1134899754772762,1.1763618535786449,4.466839876442938,1.3838272105549851,2.486228985072333,1.0
0.020201777015057525,0.04440644728777104,0.00040811179456610655,0.0019719325607215877,0.0008970891461384566,1.0
-0.1718239968636829,-1.324343501264723,0.029523485898210914,1.7538857093421056,0.22755399360774864,1.0
0.9698940297418049,-0.8632056287642358,0.9406944289287972,0.7451239575302596,-0.8372179857779531,1.0
0.11072051302471589,0.1382351187338121,0.01225903200445628,0.019108948051351132,0.01530546326424019,1.0
-1.1788244727140633,-0.8966280806472077,1.3896271374695894,0.8039419150050955,1.0569671243895673,1.0
-1.0394122914772665,0.19186488801285947,1.0803779116740222,0.03681213525218711,-0.1994267229034754,1.0
-0.8923803834774587,-0.9951897445409625,0.7963427488153764,0.9904026276395063,0.8880878058662983,1.0
-0.9955485893908405,0.6245829580058171,0.9911169938380923,0.39010387143129627,-0.6218026828002498,1.0
0.07043951282793098,0.6277670102836272,0.004961724967436253,0.39409141920044377,0.044219602373825447,1.0
0.8227754322380786,-0.6033747419586594,0.676959411894557,0.36406107923367875,-0.49644191411657507,1.0
-1.1607966169941506,-2.1029880701243253,1.3474487860250648,4.422558823085234,2.4411414373793745,1.0
-1.448338395364774,0.8798193655656313,2.097684107487808,0.77408211602431,-1.2742761681341799,1.0
1.5665680133410107,0.18087049238010225,2.454135340423201,0.032714135013820624,0.2833459279199072,1.0
0.6440783551600963,-0.7913945520897288,0.4148369275857351,0.6263053370773024,-0.5097201013926136,1.0
-0.4420489855572832,-1.0692079902671414,0.1954073056322232,1.1432057264510995,0.47264230744733143,1.0
-0.5778418291790326,0.5637687514285886,0.3339011795489703,0.31783520508734975,-0.325769166559475,1.0
-0.6929986102547202,-0.971557399735821,0.4802470738149736,0.9439237809814299,0.6732879277996137,1.0
-1.1335344601888726,1.0717669385788815,1.284900372435679,1.148684370630748,-1.214884758170293,1.0
-0.3124881926873909,-1.0287310241439043,0.09764887056903196,1.058287520036166,0.32146629849617736,1.0
-0.3021644380692093,-0.9564035680869619,0.09130334763368102,0.914707785049472,0.2889911467183836,1.0
0.7788129444726696,-0.8662935721019597,0.6065496024781895,0.7504645530651732,-0.6746806476664741,1.0
-0.35393626170138115,-0.5617187200326486,0.12527087734714856,0.315527920435117,0.19881262389604035,1.0
1.0015361148904545,0.6246864784592043,1.0030745894298656,0.39023319636976195,0.6256460686606311,1.0
0.9913445884825803,-1.133211458926214,0.9827640931136965,1.2841682106416787,-1.1234030474129522,1.0
-0.9933218821886705,1.8241249462819231,0.9866883616348429,3.327431819648029,-1.8119432249880674,1.0
0.45140022348456665,-0.5832146958000294,0.20376216176191672,0.3401393813971208,-0.26326324402361684,1.0
-0.20931228271975263,1.1389358575780264,0.04381163169735366,1.2971748876769944,-0.2383932642210358,1.0
-0.38081969767908364,-0.7487766982402033,0.14502364214038865,0.5606665438275005,0.28514891585297664,1.0
-0.11141466214077698,0.5099156896914814,0.012413226939943484,0.2600140105935391,-0.056812084287257675,1.0
-0.9553096129853503,-0.8281653883257336,0.9126164566622198,0.6858579104207131,0.791154356609319,1.0
0.5830742691241296,2.2292391986529996,0.33997560331463794,4.9695074048110675,1.2998120164574583,1.0
-1.8703379072319988,0.6008721178331811,3.498163887228973,0.3610473019893322,-1.1238338993821708,1.0
-0.13744059923763252,0.5621632504265067,0.018889918318799513,0.31602752013009533,-0.07726405400799435,1.0
1.5038929477839944,2.2279516923186202,2.261693998394432,4.963768743305404,3.3506008380813888,1.0
-0.28415736283754084,-0.2085649485611388,0.08074540685478583,0.04349933776831048,0.05926526576348056,1.0
0.7426215818072787,0.5912700321647356,0.5514868137659447,0.3496002509360875,0.4390898865614165,1.0
-0.4033088570151628,-0.7254249216049224,0.16265803414687702,0.5262413168855079,0.2925702959827953,1.0
-0.815101192668606,0.4070496018549012,0.664389954289784,0.16568937837023356,-0.3317866159472112,1.0
1.7535164205765648,1.1882155534278096,3.0748198372316478,1.4118562014077558,2.0835554841201347,1.0
1.104456958417549,1.6829976064022913,1.2198251729969436,2.832480943155842,1.8587984173910899,1.0
-0.008579427069549969,1.693232964824466,7.360656884172676e-05,2.8670378731682513,-0.014526968733469373,1.0
0.8053269263472311,-0.43977400016050655,0.6485514582998786,0.1934011712171732,-0.3541618438366875,1.0
-0.5471705789662392,0.3635062658866315,0.29939564248624945,0.13213680533884242,-0.19889993396304384,1.0
0.581800077301088,0.6323419494094482,0.33849132994755193,0.39985634098294115,0.3678965950471376,1.0
0.5426925113711395,-1.0669713815312658,0.2945151618983144,1.138427929006738,-0.5790373786043369,1.0
-1.0811475161903854,-0.03207664883688938,1.1688799517646398,0.001028911400605117,0.03467958921771417,1.0
-5.547883902944435e-05,-0.5060794967053204,3.077901580054998e-09,0.2561164569855104,2.807670293381668e-05,1.0
2.067158204901477,0.9854262182939914,4.273143044091498,0.9710648317011971,2.0370318924714583,1.0
-0.0666763463746199,0.8969994142901411,0.004445735165868289,0.8046079492368562,-0.05980864364504063,1.0
-1.6434221519903784,0.4632836204734169,2.7008363696526865,0.214631712998957,-0.7613705645403166,1.0
-1.4575280805852715,-1.530848678644887,2.1243881056945857,2.3434976769087963,2.2312549362517813,1.0
-0.7839458226236214,-0.18472250755913136,0.6145710528090266,0.034122404798933345,0.14481243814554137,1.0
1.0256447004284486,0.4236848404335889,1.051947051516962,0.1795088440132357,0.4345501112425833,1.0
0.5505079190868075,0.7499314727860246,0.303058968977287,0.562397213875016,0.4128432145411392,1.0
-0.14199115716081495,-1.385943891525553,0.02016148871186725,1.9208404704569941,0.19679177691767627,1.0
-0.8651856165224082,0.3864990056414431,0.7485461510372596,0.14938148136182428,-0.3343933804811897,1.0
-1.5371172923722272,-1.1876051019279341,2.362729570509727,1.4104058781252589,1.825488338682909,1.0
0.966942851795616,1.1967400879607355,0.9349784786386386,1.4321868381322689,1.15717927351089,1.0
-1.766514689806988,-1.128136359246671,3.1205741493038786,1.2726916450543342,1.9928694507146179,1.0
-0.7397319896046959,1.5965273958111637,0.5472034164445219,2.548899725575576,-1.1810023869617958,1.0
-0.0697187342560062,-0.16512647759747145,0.004860701906259614,0.027266753603748244,0.011512409010248475,1.0
0.41729142710956385,0.3638417301092765,0.17413213513913645,0.1323808045689116,0.15182803479931276,1.0
-0.26505801586132716,-1.3921855790992497,0.07025575177234356,1.9381806866519131,0.36900994730679987,1.0
0.7694830793523009,-0.2190431780648778,0.5921042094094994,0.047979913856761765,-0.16855001916847653,1.0
-0.42063451411891734,-0.8212096019729024,0.17693339446805767,0.6743852103724928,0.3454291019156613,1.0
-0.5109058093506782,-0.3300755356317542,0.2610247460282715,0.10894985922258943,0.16863750867879998,1.0
-0.48564573448829956,1.8764359463475948,0.23585177942667995,3.5210118607453937,-0.9112831133842252,1.0
0.08353466638324385,1.8110600953089215,0.0069780404877598495,3.27993866882036,0.15128630086163655,1.0
0.4074133940351085,-1.0874204688362366,0.1659856736392066,1.1824832760440205,-0.4430296639518201,1.0
1.5618150137177764,-0.590198252633838,2.439266137074258,0.34833397741203564,-0.9217804920335253,1.0
-1.532832043757303,0.5271353398026262,2.349574074369191,0.27787166646883016,-0.8080099402463599,1.0
-0.23736392517984428,0.06463405620525746,0.05634163297678271,0.00417756122154438,-0.015341793281174581,1.0
-0.8410734140155254,-1.4710793556167077,0.7074044877637313,2.1640744705216677,1.2372857359163034,1.0
-1.3024933206995046,0.598167165105166,1.6964888504668225,0.3578039574099509,-0.7791087372112365,1.0
0.649372906976052,2.065167472620852,0.4216851723145283,4.264916689971197,1.341063805088189,1.0
0.36902190891313685,-0.9803859033350467,0.13617716925789547,0.9611565194580756,-0.361783877520229,1.0
0.16889024676844422,1.4120502785555646,0.028523915453505983,1.9938859891688476,0.23848151999469971,1.0
0.07647660086571714,1.594213423799135,0.005848670479974208,2.5415164406213604,0.12192002370665482,1.0
0.8697414170343172,-0.6334773766195116,0.756450132504862,0.4012935866887386,-0.5509615112002358,1.0
-0.8095238723807016,1.0990057390982104,0.6553288999542464,1.2078136145708038,-0.8896713816833983,1.0
0.8817711723676748,0.5026091897599111,0.7775204004186637,0.2526159976311143,0.4431862944973639,1.0
-1.6946429818917175,-0.5995894425327968,2.8718148360748517,0.35950749959679,1.0160900408045712,1.0
-1.2895676548438249,-1.2431411057171855,1.6629847364194021,1.5453998087237466,1.6031145603396701,1.0
0.425071562365878,1.4703808384987471,0.18068583313216852,2.1620198102242787,0.6250170802935122,1.0
-1.3198613572136524,1.423485927017368,1.7420340022658645,2.0263121844164957,-1.8788040676076776,1.0
-1.092471307579381,0.7852584739196555,1.1934935578842025,0.6166308708626264,-0.8578723517907954,1.0
-1.5624291617093997,-0.3761652213511525,2.4411848853599376,0.14150027375416155,0.587731511459912,1.0
-1.1496954378224784,-0.9757129099831686,1.3217995997498204,0.9520156827078229,1.1217726812321436,1.0
-0.5577094112530817,-0.001719298961586619,0.311039787400259,2.955988919312827e-06,0.0009588692116345081,1.0
0.6381202621159973,-1.381246686321965,0.407197468922989,1.9078424084754089,-0.881401497522625,1.0
-0.6362205405278133,-0.3437589414380583,0.4047765761895029,0.1181702098186144,0.21870649953299037,1.0
-0.5105155250170557,-0.5576500135255918,0.26062610128344,0.3109735375850928,0.2846889894307857,1.0
-0.10427563769363596,2.2631894792111558,0.010873408616414433,5.122026618812062,-0.23599552616627112,1.0
0.4329436056808971,0.7501579830729295,0.18744016569997612,0.5627369995680456,0.3247761020219035,1.0
-0.20827312605424894,-0.6888717750971014,0.04337769503640907,0.47454432252543144,0.14347347805001281,1.0
-0.37132836207966097,-0.728234543865898,0.13788475248476378,0.5303255508795726,0.27041414038355294,1.0
-0.614014858523498,0.799857213191273,0.37701424648763127,0.6397715614941095,-0.4911242135966389,1.0
0.267198548768257,-0.9599575027636115,0.07139506446386261,0.9215184071121492,-0.25649925161763704,1.0
-1.4832506586020422,0.45225381219780103,2.200032516243392,0.20453351064744388,-0.6708057647976727,1.0
0.4423459893577099,0.7347149018363801,0.1956699743008512,0.5398059869804417,0.32499819014866627,1.0
0.23813005363706424,-0.9725102626588764,0.05670592244519109,0.9457762109768368,-0.23158392100955366,1.0
-0.969941953885111,-0.0041845386534699455,0.9407873939064667,1.7510363742384066e-05,0.00405875959765441,1.0
-0.28669024320847347,-0.7809031026808986,0.08219129555093367,0.609809655776654,0.22387730042983833,1.0
0.9074578254742378,-1.099659273940335,0.8234797050144322,1.2092505187629847,-0.9978944134924757,1.0
0.7643534675528343,0.10511024979997291,0.5842362233600417,0.011048164613012706,0.0803413839099539,1.0
0.44271817245156475,-1.2285537094700023,0.19599938021885344,1.5093442170525029,-0.5439030530151501,1.0
-1.2069455590331393,-0.5285026589624621,1.456717582469817,0.2793150605303925,0.6378739371719493,1.0
1.0848539241566928,-0.13015113663424996,1.1769080367581755,0.016939318367187203,-0.14119497131111997,1.0
-2.155920535543578,-0.7552440378369654,4.6479933555785085,0.5703935566882836,1.6282461305195646,1.0
-0.5269437599188384,-1.3873431204767241,0.27766972611740237,1.9247209339340943,0.7310518002015389,1.0
1.3346842147736637,2.392935152034369,1.7813819531659913,5.726138641841749,3.1938127743972897,1.0
0.019076707318017316,1.143121509676631,0.0003639207620972954,1.30672678588538,0.02180699446903119,1.0
-1.5026283352679386,0.5870908012288294,2.2578919139500964,0.34467560888750887,-0.8821792733015962,1.0
0.670123903202319,-1.0226563564637003,0.449066045643111,1.045826023415611,-0.6853064692281169,1.0
-0.05360892732007439,0.7497394914795501,0.0028739170884090185,0.5621093050840144,-0.04019272990771673,1.0
-0.23158730886265386,0.2833772241781901,0.05363268162624624,0.08030265118293621,-0.06562656874039602,1.0
1.0774510427024724,-0.2301761836535831,1.160900749420645,0.05298107552132802,-0.2480035690828289,1.0
-0.3601864120080563,-1.0427807387624382,0.12973425139523728,1.0873916691339363,0.37559545280595286,1.0
-1.3144714875765102,0.9646865060139905,1.7278352916516038,0.9306200548854809,-1.2680529066051962,1.0
0.3704753079427614,-0.45922027426131423,0.13725195379528388,0.21088326029263665,-0.17012977252051975,1.0
0.24267585652972234,1.2139682477437155,0.05889157134243438,1.473718906529947,0.2946007843210923,1.0
-1.4651420856457236,-1.407123440027085,2.1466413311303008,1.9799963754736571,2.061635771682268,1.0
0.4749486152675364,1.07365449556768,0.2255761871445503,1.152733975852689,0.5099307159456349,1.0
0.4586592700283206,-0.9210432110195947,0.21036832598291189,0.8483205965652857,-0.42244500683078773,1.0
0.10020299791256852,0.4362979316880346,0.010040640790666211,0.1903558851952569,0.043718360738194094,1.0
-1.608814545784207,0.34840783456082713,2.5882842427268438,0.12138801918336468,-0.5605235921066362,1.0
-0.4426334619991403,-0.22064187972444582,0.19592438168134435,0.048682839088336816,0.09766347908442936,1.0
0.5520619257184007,0.5683788010649803,0.304772369827909,0.32305446150006445,0.3137802954534488,1.0
-0.29503827389917364,0.48915301662218486,0.0870475830654038,0.23927067367058347,-0.1443188616967832,1.0
-1.6684949675198995,-1.1431218858837615,2.7838754566392305,1.3067276459864474,1.9072931138589129,1.0
-1.5353666470124812,0.629130967911002,2.3573507407583487,0.3958057747846342,-0.965946704733232,1.0
0.38916487861354854,-0.666738206562258,0.15144930274629798,0.44453983608985626,-0.2594710932238162,1.0
0.6014377818421631,-1.4929586416350409,0.3617274054272214,2.2289255056327466,-0.8979217338070679,1.0
-0.49927338186603193,-1.819326072732944,0.24927390983994455,3.3099473589258777,0.9083410810504234,1.0
1.2790683344374527,-0.23191369929482844,1.6360158041605994,0.05378396392061211,-0.29663346909026445,1.0
-0.042834447690512645,0.6229498210900197,0.001834789908951264,0.3880664795960876,-0.02668371152529466,1.0
1.0178034795651498,0.48352146601400775,1.0359239230149264,0.23379300809633524,0.4921298305534994,1.0
-0.2764629172584198,-0.6227988041737256,0.07643174461903589,0.38787835048022257,0.1721807742669235,1.0
0.13054673282737428,-0.8868167925479539,0.01704244945190184,0.7864440235450406,-0.11577103488358674,1.0
0.8405926383964781,-1.0837574735538784,0.7065959837263522,1.1745302614838855,-0.910998554076556,1.0
0.2502581443634888,0.24419139959239616,0.06262913882025681,0.0596294396348933,0.061110886531516265,1.0
0.24932533534087273,-0.7660584569236468,0.06216312284283864,0.5868455594242389,-0.19099778166319975,1.0
0.1634408331144248,-1.188324982815366,0.026712905929137262,1.4121162647831398,-0.19422082520202796,1.0
0.40813362592634944,0.4491408465267172,0.16657305661178934,0.20172750001873613,0.18330948224457913,1.0
-0.0814761729568492,-0.8806900272887229,0.006638366759694404,0.7756149241658116,0.07175525298474823,1.0
1.0881664796970179,0.32231351164405575,1.1841062875362003,0.10388599978832286,0.35073075932449593,1.0
0.5137652693422319,-1.0011844321245722,0.26395475198229607,1.002370267128602,-0.5143737894317303,1.0
1.3884901848589941,0.18409350175630632,1.9279049934497636,0.033890417388899155,0.25561202028495333,1.0
-0.3781716544654078,-0.13814554399330223,0.14301380024110377,0.0190841913252054,0.05224272892897088,1.0
1.4274445892852965,1.6440348223834205,2.0375980554798687,2.702850497209285,2.346768611807827,1.0
-1.3456081276596663,-0.80347664035847,1.8106612332237528,0.6455747116017342,1.0811646976510398,1.0
-0.46164288531443,0.49247032558472675,0.21311415356143196,0.24252702158152678,-0.22734542203467,1.0
0.06321833002418666,1.5810278815649363,0.00399655725104698,2.4996491622857104,0.09994994239421284,1.0
0.6969083928518375,-0.5090402938658359,0.48568130802733106,0.2591220207790166,-0.3547544530948668,1.0
0.9904088349974587,0.2152136620235653,0.9809096604410233,0.04631692032159339,0.2131495122802961,1.0
-1.8731779373583008,2.236884214553076,3.5087955850058985,5.003650989316732,-4.190082159125874,1.0
-0.17563693946501416,0.5841158634439099,0.03084833450463705,0.3411913419268244,-0.10259232254825247,1.0
-0.2997918648274915,-1.2568912952904499,0.08987516221674492,1.5797757281769047,0.37680578530056524,1.0
0.548662258395715,-1.8396244056376025,0.3010302737878864,3.3842179538175023,-1.009332480997002,1.0
0.40934911593860684,-1.1540654123847625,0.167566698719719,1.331866976062812,-0.47241565629502624,1.0
1.0337266609094502,-0.5660249845515942,1.0685908094750014,0.3203842831366325,-0.5851151172718426,1.0
-0.29581147314584366,-0.3123310731323826,0.08750442764471418,0.09755069924402573,0.09239111485251233,1.0
0.8834570466778945,0.9521552684633856,0.7804963533248275,0.9065996552625819,0.8411882814554604,1.0
1.0840530352585338,0.848171192899338,1.17517098325324,0.719394372464286,0.9194625560813787,1.0
-2.4118782153622824,-0.21412405421993283,5.817156525739148,0.045849110595580736,0.5164411417581082,1.0
-0.5741537781344329,0.02027313532681166,0.3296525609460436,0.0004110000159792189,-0.011639897242519555,1.0
1.1690522252466702,0.19048039496243374,1.3666831053541912,0.03628278086504475,0.2226815295966978,1.0
-0.331660424261789,0.794114575780756,0.10999863702150987,0.63061795946745,-0.2633763771159161,1.0
0.9859674144975984,0.4782907602321306,0.972131742451079,0.22876205132342942,0.47157910424416455,1.0
0.47567821142269706,-1.2458057152111868,0.22626976082229608,1.5520318800528565,-0.5926026343918313,1.0
-1.0727738988768034,0.2013131937408022,1.150843838111338,0.04052700197412176,-0.21596353974466168,1.0
-1.0581386516899243,-0.9220040374187045,1.119657406200171,0.8500914450163919,0.9756081090068944,1.0
-0.8001452894472891,0.20469151687338558,0.6402324842246861,0.041898617079927494,-0.16378295301605977,1.0
-0.001913710968274647,-0.5248830816857116,3.662289670094687e-06,0.27550224943988944,0.0010044745104837438,1.0
-1.7453290782709856,0.6006472229926317,3.046173591458248,0.3607770864887603,-1.048327064071757,1.0
-0.1653474382505992,-1.181176298483682,0.027339775336035713,1.3951774480996122,0.19530447507660192,1.0
1.1871041416616255,0.84158992089161,1.4092162431501847,0.7082735949463463,0.9990548806711099,1.0
0.3721870409076022,-1.2949285646936635,0.13852319341955716,1.6768399876595914,-0.4819556306800631,1.0
0.1724729314154749,0.7104053393469543,0.02974691207104711,0.5046757461726612,0.12252569137037442,1.0
-0.09576477569550165,-0.07695289034977919,0.009170892264009745,0.005921747333185139,0.007369376283467137,1.0
1.4093640238866432,-0.33816547565911814,1.9863069518259504,0.11435588892775762,-0.47659825551447543,1.0
-0.8631754656341413,0.8269109130146822,0.7450718844727166,0.6837816580627754,-0.7137692123794012,1.0
0.08416506802125297,0.9484732957052354,0.007083758675022139,0.899601592665951,0.07982831944937312,1.0
0.6225296286123451,1.1947503084490636,0.38754313850022426,1.4274282995391325,0.7437674658032802,1.0
-0.6080634460380532,-0.9701447758601005,0.3697411544076724,0.9411808861286447,0.5899095755653074,1.0
-0.16526800855737694,-0.21434939242312057,0.027313514652521218,0.04594566203216094,0.03542509722125284,1.0
0.36475717681953396,0.3008442389227209,0.13304779804135677,0.09050725609299116,0.10973509525187303,1.0
1.1892397190040396,0.3473335855904727,1.414291109256807,0.12064061967913424,0.4130628957282793,1.0
-0.47782142936359756,-0.21072613195039971,0.22831331835907145,0.04440550268677727,0.10068946157280205,1.0
-0.19250147545789614,-1.3337736804384897,0.03705681805346699,1.7789522306304344,0.25675340141131775,1.0
-0.9977107000857037,1.3507755484165753,0.995426641065505,1.8245945822000997,-1.3476832180693517,1.0
-0.3735787403247228,1.619696154919373,0.1395610752226067,2.6234156342606014,-0.6050840492635764,1.0
0.19672460214564663,-1.1248469371258487,0.03870056908936296,1.265280631961403,-0.22128506618083177,1.0
-1.3748750102449392,-0.11797279089255404,1.8902812937960216,0.01391757939097828,0.1621978420870243,1.0
0.10492940954135778,-1.1947309155336248,0.011010180986697985,1.4273819605318132,-0.12536240952774905,1.0
-2.5408220416179534,-1.0061511270677685,6.455776647171625,1.0123400904997408,2.5564509608525325,1.0
0.12039068486820702,0.9291118599712651,0.01449391700303593,0.8632488483392637,0.11185641314111426,1.0
0.8091733218737872,1.100487950054279,0.6547614648322596,1.2110737282146693,0.8904854902274953,1.0
1.274186237599988,-0.10184793432633464,1.6235505680892128,0.010373001726541374,-0.129773236246603,1.0
-0.06484693009911977,0.9042442947961822,0.004205124343280125,0.8176577446714448,-0.05863746657717587,1.0
1.8468441079404043,0.9564422804835497,3.410833159034188,0.9147818358965732,1.7663997902961275,1.0
-0.40804338938084445,0.9016458305721851,0.16649940761740745,0.8129652037882055,-0.367910620727781,1.0
0.25120893949238565,2.237698438428391,0.06310593128088908,5.007294301344859,0.5621298516213635,1.0
0.9243122988219494,-0.7192564572065921,0.8543532257535167,0.5173298512333783,-0.6648175894031563,1.0
1.0463746414356487,-0.18054027763668162,1.0948998902395826,0.032594791849130084,-0.1889127682767752,1.0
-0.5299850083170843,-1.1025613544321424,0.2808841090408599,1.2156415402872405,0.5843409885988147,1.0
0.4699127152029454,-0.8322375349975765,0.2208179599094045,0.6926193146588423,-0.3910789997645175,1.0
1.91409044375538,1.057658769687872,3.6637422268756676,1.1186420730976632,2.0244545438136283,1.0
-0.030674042286269,-0.7842186779991615,0.0009408968701798187,0.6149989349227525,0.024055156890628253,1.0
1.6305853169241047,0.2804225900091373,2.658808475768483,0.0786368289874327,0.4572529578027274,1.0
-0.6837800785906072,1.4874634072509882,0.46755519587737693,2.2125473879107194,-1.0170978455107331,1.0
-0.9566854914720283,1.052517757766633,0.9152471295930763,1.1077936304141005,-1.0069284683720086,1.0
-0.3535225985182266,0.28290396796289735,0.12497822766307923,0.08003465508915206,-0.1000129458853606,1.0
-1.5057867682491983,0.5350860532710162,2.267393791434365,0.2863170844051528,-0.8057254988901819,1.0
-0.3574084056509992,-0.5065190959295441,0.1277407684299892,0.25656159454128274,0.18103418250796388,1.0
1.307709009026027,0.9856291983479366,1.7101028522878337,0.9714649166359962,1.2889161822386976,1.0
-0.45716241029905774,-0.9293097605222791,0.20899746939044403,0.8636166310019757,0.42484549003480526,1.0
-1.1447182668105689,-1.9586479530567158,1.3103799103697928,3.836301804013263,2.242100090115152,1.0
-0.3640426760127552,0.8746154321277938,0.13252706995852784,0.7649521541160875,-0.3183973423938543,1.0
-0.10977238513510794,0.6974489069264368,0.012049976538250467,0.48643497777288147,-0.07656063002318887,1.0
0.31044711788883805,0.30653304031824624,0.0963774130054861,0.09396250480674757,0.09516229890450253,1.0
-1.3933343327545002,-1.645199071648526,1.9413805628324283,2.7066799853531722,2.2923123507437224,1.0
-0.3357161664452671,-0.0030843790538331362,0.11270534441270627,9.513394147724592e-06,0.0010354759118169406,1.0
-1.8833144157505697,0.5700477808400233,3.5468731885739095,0.3249544724406352,-1.0735792033226372,1.0
-0.39412769372000744,-0.25562343511665225,0.155336638957052,0.06534334058083732,0.10074827494331211,1.0
1.809074206307355,-0.5617687463623146,3.2727494839265865,0.3155841243894865,-1.016281348953682,1.0
-0.1066351277102509,0.27286047763433474,0.011371050461781518,0.0744528402548373,-0.029096511879617343,1.0
0.7804262727499544,-1.4201738580562318,0.6090651671983861,2.016893787106322,-1.1083409906997477,1.0
-2.2745322084841004,-0.04548478027268002,5.173496767431559,0.0020688652364539814,0.10345659772603293,1.0
-1.238773711347481,0.748231799414051,1.5345603079256123,0.5598508256543887,-0.926889883108348,1.0
-0.2846714042164633,1.470823797618372,0.08103780837857305,2.1633226436405297,-0.4187014758230132,1.0
1.2092265630077819,0.12944577028025236,1.462228880683613,0.016756207443447867,0.15652926389188443,1.0
-0.16768652406318757,-0.28891278337436516,0.028118770352393983,0.08347059639712284,0.04844678040146798,1.0
-0.0411098629668993,-0.1673889152212989,0.0016900208331572385,0.02801904893896319,0.006881335366925522,1.0
-0.09284698512353522,-0.9121055396688487,0.00862056264652997,0.8319365154946017,0.08468624947272765,1.0
-0.4384949962816331,-0.2102471688299219,0.19227786176402942,0.04420387200099768,0.09219233151430048,1.0
-0.31574772138870083,1.851000278404476,0.09969662356215664,3.4262020306534473,-0.5844491201960641,1.0
1.6551586602925472,0.3997252948805539,2.73955019074142,0.15978031136734577,0.661608783559541,1.0
0.7646505774863338,-0.9747274341992984,0.5846905056501838,0.9500935709807476,-0.745325895452266,1.0
0.9228737886916335,-0.1958448359723949,0.8516960298540498,0.03835519977705427,-0.1807400657695356,1.0
0.3443598475944867,0.0038527516100751802,0.11858370463529809,1.4843694968936894e-05,0.0013267329572649023,1.0
1.208909869431673,-0.37305682920265365,1.4614630724093043,0.1391713978147379,-0.45099208268197394,1.0
0.762574664398417,0.9089905694481641,0.5815201187823583,0.8262638553456977,0.6931731784382598,1.0
-1.4607130656048426,1.226756891689137,2.1336826600286973,1.5049324713067929,-1.791939820011107,1.0
1.3335086001613188,0.4878272841956173,1.7782451867042,0.23797545920567154,0.6505218788681955,1.0
0.4842438962675107,-0.44478660315075386,0.23449215107233964,0.1978351223423862,-0.2153851977173121,1.0
-1.2023569422010643,-0.3310870584708519,1.4456622164590933,0.1096186402868813,0.3980848232253585,1.0
1.5328683791554143,1.6692228184457245,2.349685467814547,2.786304817619888,2.55869887616013,1.0
0.4097426979661783,-1.2896926481076305,0.16788907853660281,1.6633071265828725,-0.5284421451827656,1.0
0.8849158861707359,-0.9027559900087224,0.7830761255973389,0.8149683774966285,-0.7988631168945086,1.0
-0.4777814013597931,-1.5357320504401946,0.2282750674853277,2.3584729307492442,0.7337442111724646,1.0
-0.38154821579667486,-0.9025400094072785,0.14557904097762597,0.8145784685808904,0.3443625302744613,1.0
-2.012088651335717,-0.9045756408406072,4.048500740833983,0.8182570900021952,1.820086381210119,1.0
-1.2438193508273878,-1.6837002489931523,1.5470865774926645,2.834846528459603,2.094218950690574,1.0
1.2097210978861908,0.4389931698227743,1.4634251346709708,0.19271500315104717,0.5310592993625455,1.0
-1.1480428586495648,-0.8085992217337332,1.3180024052962647,0.6538327013883991,0.9283065620210084,1.0
0.0990038963818858,0.6911374348024251,0.00980177149879518,0.47767095378527635,0.06842529898082164,1.0
0.08600577705634736,-1.2630803515033004,0.007396993687066126,1.595371974353701,-0.10863220711564572,1.0
0.8408343642044374,-0.15039290028642846,0.7070024280270804,0.022618024456563614,-0.12645551869320043,1.0
0.41245826027552646,0.7392828099067771,0.17012181646951394,0.5465390730236599,0.304923301625752,1.0
-0.9460438483499083,-0.18073243590583707,0.8949989630007043,0.03266421338845751,0.17098080918601125,1.0
1.2680211921867584,-0.6081096585732697,1.607877743834728,0.3697973568500987,-0.7710959342443601,1.0
-0.2049531499737226,-0.7703543841655801,0.04200579368415123,0.5934458772031301,0.15788655763080287,1.0
-1.904950252672823,-0.8106379359545365,3.6288354651582524,0.6571338632086312,1.54422494092277,1.0
0.787952867463795,0.17698455092042192,0.6208697213444169,0.03132353126450342,0.1394554843945385,1.0
-0.09812004246938848,-1.8052366737809382,0.009627542734194599,3.2588794483636656,0.17712989909868326,1.0
1.5258124659510055,-0.09472903590697608,2.328103681251488,0.008973590243865164,-0.1445387438743845,1.0
0.8289253554872796,-1.6891530566183022,0.6871172449697129,2.853238048682953,-1.400181797929751,1.0
0.4561865476727303,0.18899313084692967,0.20810616627756426,0.03571840350732468,0.08621612389492145,1.0
0.8258261969135918,-0.4371299010168257,0.6819889075087665,0.19108255036297983,-0.36099332371394,1.0
-1.364390006183145,1.5482347489953925,1.8615600889724426,2.397030837996826,-2.1123960187547834,1.0
-1.345635889252084,-0.21601825443301592,1.810735946443247,0.046663886248287205,0.29068191589865433,1.0
1.5224581803466435,-0.9832091482173971,2.3178789109044127,0.9667002291383796,-1.4968948106952318,1.0
0.1672102864568362,1.031305807715083,0.02795927989697722,1.0635916690268596,0.17244493953263784,1.0
-0.48788505243579405,0.19668237335952296,0.2380318243902775,0.038683955990334785,-0.09595839003970728,1.0
1.4985800121765376,-0.0566961014609579,2.2457420528950314,0.0032144479208712326,-0.0849636444177245,1.0
0.02656148953055494,-0.6880225915226283,0.0007055127260817797,0.4733750864455135,-0.01827490486151357,1.0
0.07300033777740521,-0.30271813711067425,0.005329049315615254,0.09163827053575697,-0.022098526260426084,1.0
-1.9703937459128333,-0.625587089169899,3.8824515139324074,0.3913592061360672,1.232652888024183,1.0
-1.2808492278557102,-0.8138063641327392,1.640574744498569,0.6622807983029485,1.0423632531234819,1.0
-0.5039327300063405,1.7042681538022544,0.2539481963716433,2.9045299400645446,-0.8588365034084359,1.0
-1.5538296222084729,-0.9544559361420062,2.4143864948525255,0.9109861340367134,1.4830619066701678,1.0
1.2045053552390454,-0.6119592399888123,1.4508331507995391,0.37449411140768474,-0.7371081817545406,1.0
-0.7257396797213814,1.2576301498065259,0.5266980827220933,1.5816335937023847,-0.912712102128541,1.0
-0.08556622925594434,-1.6135770860405927,0.007321579589080826,2.60363101259525,0.13806770686628797,1.0
-0.5658790510379709,-0.5044635108949558,0.32021910040363444,0.25448343382446514,0.28546533282852066,1.0
-0.7935800410024109,-1.3997660152436573,0.6297692814773881,1.9593448974311065,1.1108263717708429,1.0
-0.6476706223704424,-0.17482472252300954,0.4194772350817162,0.03056368360524728,0.11322883684221749,1.0
-1.4926665957686438,-1.7580467075793351,2.2280535661235517,3.0907282260305404,2.6241775942047187,1.0
0.4599824370004028,1.7197029742371095,0.21158384234882954,2.9573783195999606,0.7910331650064265,1.0
0.057079698066628735,2.1821741031160506,0.0032580919313775,4.76188381631034,0.12455783893468053,1.0
-0.10048875399474708,0.46345622431133243,0.010097989679416797,0.2147916718529161,-0.0465721385121558,1.0
0.7047911976449365,-1.4897325784138076,0.4967306322777839,2.2193031551874514,-1.0499504081109468,1.0
0.40837018415122467,1.5374434635282856,0.16676620730370514,2.363732403545851,0.6278460703231427,1.0
1.3445896718864425,1.4635521516760632,1.807921385743691,2.1419849006756344,1.9678771074108148,1.0
-1.2646075994544204,-1.9111597222107186,1.5992323805978716,3.652531483800551,2.4168671084788738,1.0
-1.1930117879662077,1.2797458640055945,1.4232771262263275,1.6377494764394256,-1.5267519013596735,1.0
0.2393247794217727,1.6381504689624797,0.05727635004528015,2.683536958961992,0.39204999964411896,1.0
0.7266278727102058,0.37776642986837383,0.527988065399359,0.142707475535497,0.2744956173165856,1.0
-0.4364772502264252,0.7124735810049682,0.19051238996522138,0.507618603630043,-0.3109785094960227,1.0
1.219809353370588,1.327875161869995,1.4879348585703722,1.7632524455112657,1.6197545425575037,1.0
0.119376853033188,2.351793395341466,0.014250833040107366,5.530932174371741,0.2807496945201004,1.0
-1.2222475428598962,0.45743421475327894,1.493889056027054,0.2092460608269489,-0.5590978450022412,1.0
0.43973451679768405,-1.4727514194702958,0.19336644526329266,2.168996743551771,-0.6476196338038738,1.0
1.4928118049337085,1.1568337506989639,2.2284870849494363,1.3382643267562324,1.726935079389152,1.0
